dataset_name,step, time_taken,K,dl8.5_train,dl8.5_test
hepatitis,1,0.00010666666666666667,2,0.8534,0.8974
hepatitis,1,0.0011683333333333333,3,0.9052,0.7949
hepatitis,1,0.009276666666666666,4,0.9741,0.8205
