dataset_name,step, time_taken,K,dl8.5_train,dl8.5_test
pima_indian_diabetes,1,7.333333333333333e-05,2,0.809,0.724
pima_indian_diabetes,1,0.0008666666666666666,3,0.8229,0.7135
pima_indian_diabetes,1,0.010771666666666667,4,0.8438,0.6823
