dataset_name,step, L, K, binoct_train,binoct_test
monk3,1,4,2,0.9344262295081968,0.9722222222222222
monk3,1,8,3,0.9508196721311475,1.0
monk3,1,16,4,0.9672131147540983,0.9166666666666666
