dataset_name,step,optimality, time_taken,L,K,cart_train,cp_tree_train,cart_test,cp_tree_test
monk3,1,Optimal,0.042582388718922934,4,2,0.9344262295081968,0.9344262295081968,0.9722222222222222,0.9722222222222222
monk3,1,Not_Optimal,10.016832566261291,8,3,0.9426229508196722,0.9508196721311475,0.9444444444444444,1.0
monk3,1,Not_Optimal,10.07426719268163,16,4,0.9590163934426229,0.9672131147540983,0.9537037037037037,0.8981481481481481
