dataset_name,step,optimality, time_taken,L,K,cart_train,cp_tree_train,cart_test,cp_tree_test
monk3,1,Optimal,0.013829986254374186,3,2,0.9344262295081968,0.9344262295081968,0.9722222222222222,0.9722222222222222
monk3,1,Optimal,0.12679033676783244,4,3,0.9344262295081968,0.9344262295081968,0.9722222222222222,0.9722222222222222
monk3,1,Optimal,1.476141663392385,5,4,0.9426229508196722,0.9508196721311475,0.9444444444444444,1.0
