dataset_name,step, time_taken,K,dl8.5_train,dl8.5_test
monk3,1,1.9999999999999998e-05,2,0.9344,0.9722
monk3,1,0.00011166666666666667,3,0.9508,0.8611
monk3,1,0.00041833333333333333,4,0.9836,0.9074
