dataset_name,step, time_taken,K,dl8.5_train,dl8.5_test
monk3,1,4.3333333333333334e-05,2,0.9344,0.9722
monk3,1,0.00018,3,0.9508,1.0
monk3,1,0.00074,4,0.9836,0.9074
