dataset_name,step,L,K,HeleneTree_train,HeleneTree_test
monk3,1,0,2,0.9344262295081968,0.9722222222222222
monk3,1,0,3,0.9508196721311475,1.0
monk3,1,0,4,0.9836065573770492,0.9074074074074074
