dataset_name,step,lambda,time_taken,K,L,osdt_train,osdt_test
monk3,1,0.05,0.00023646752039591473,2,3,0.9344262295081968,0.9722222222222222
monk3,1,0.05,0.0002722819646199544,3,3,0.9344262295081968,0.9722222222222222
monk3,1,0.05,0.00027410189310709637,4,3,0.9344262295081968,0.9722222222222222
