dataset_name,step, time_taken,K,dl8.5_train,dl8.5_test
tic_tac_toe,1,7.999999999999999e-05,2,0.7047,0.7083
tic_tac_toe,1,0.0013,3,0.7744,0.7542
tic_tac_toe,1,0.014771666666666666,4,0.8621,0.8333
