dataset_name,step,optimality,time_taken,L,K,cart_train,cp_tree_train,cart_test,cp_tree_test
post_operative_patient,5,Optimal,0.018130366007486978,3,2,0.6976744186046512,0.6976744186046512,0.5,0.5909090909090909
post_operative_patient,5,Optimal,0.06434381008148193,4,2,0.6976744186046512,0.7441860465116279,0.5,0.5909090909090909
