dataset_name,step,optimality,time_taken,L,K,cart_train,cp_tree_train,cart_test,cp_tree_test
pima_indian_diabetes,3,Not_Optimal,10.05587597290675,6,3,0.7740259740259741,0.7766233766233767,0.7591623036649214,0.7539267015706806
pima_indian_diabetes,3,Not_Optimal,10.058355617523194,7,3,0.7740259740259741,0.7818181818181819,0.7591623036649214,0.7643979057591623
pima_indian_diabetes,3,Not_Optimal,10.073773976167043,8,3,0.7740259740259741,0.7766233766233767,0.7591623036649214,0.7591623036649214
pima_indian_diabetes,3,Optimal,5.963708436489105,4,3,0.7584415584415585,0.7740259740259741,0.7643979057591623,0.7591623036649214
pima_indian_diabetes,3,Not_Optimal,10.041896994908651,5,3,0.7740259740259741,0.7740259740259741,0.7591623036649214,0.7591623036649214
