dataset_name,step,optimality,time_taken,L,K,cart_train,cp_tree_train,cart_test,cp_tree_test
banknote_authentication,3,Not_Optimal,10.054794156551361,6,3,0.8780841799709724,0.9230769230769231,0.8558823529411764,0.9176470588235294
banknote_authentication,3,Not_Optimal,10.054446204503376,7,3,0.8780841799709724,0.93033381712627,0.8558823529411764,0.9294117647058824
banknote_authentication,3,Not_Optimal,10.063927002747853,8,3,0.8780841799709724,0.93033381712627,0.8558823529411764,0.9294117647058824
banknote_authentication,3,Optimal,0.4673519849777222,4,3,0.8780841799709724,0.8780841799709724,0.8558823529411764,0.8558823529411764
banknote_authentication,3,Optimal,3.7490039547284444,5,3,0.8780841799709724,0.9158200290275762,0.8558823529411764,0.9176470588235294
