dataset_name,step,optimality,time_taken,L,K,cart_train,cp_tree_train,cart_test,cp_tree_test
thoracy_surgery,2,Not_Optimal,10.058616908391317,6,3,0.8595744680851064,0.8765957446808511,0.8547008547008547,0.8376068376068376
thoracy_surgery,2,Not_Optimal,10.087053898970286,7,3,0.8680851063829788,0.8765957446808511,0.8547008547008547,0.8461538461538461
thoracy_surgery,2,Not_Optimal,10.069929325580597,8,3,0.8680851063829788,0.8808510638297873,0.8547008547008547,0.8461538461538461
thoracy_surgery,2,Not_Optimal,10.028180913130443,4,3,0.8595744680851064,0.8680851063829788,0.8547008547008547,0.8632478632478633
thoracy_surgery,2,Not_Optimal,10.037111536661785,5,3,0.8595744680851064,0.8723404255319149,0.8547008547008547,0.8547008547008547
