dataset_name,step,optimality,time_taken,L,K,cart_train,cp_tree_train,cart_test,cp_tree_test
thoracy_surgery,4,Not_Optimal,10.044410880406698,6,3,0.8595744680851064,0.8765957446808511,0.8547008547008547,0.8290598290598291
thoracy_surgery,4,Not_Optimal,10.050354258219402,7,3,0.8638297872340426,0.8808510638297873,0.8547008547008547,0.8376068376068376
thoracy_surgery,4,Not_Optimal,10.063513549168905,8,3,0.8638297872340426,0.8893617021276595,0.8547008547008547,0.811965811965812
thoracy_surgery,4,Not_Optimal,10.03087900876999,4,3,0.851063829787234,0.8680851063829788,0.8547008547008547,0.8461538461538461
thoracy_surgery,4,Not_Optimal,10.044317229588826,5,3,0.851063829787234,0.8723404255319149,0.8547008547008547,0.8290598290598291
