dataset_name,step,optimality,time_taken,L,K,cart_train,cp_tree_train,cart_test,cp_tree_test
post_operative_patient,1,Not_Optimal,10.007251628239949,6,3,0.8372093023255814,0.8604651162790697,0.45454545454545453,0.4090909090909091
post_operative_patient,1,Not_Optimal,10.008477985858917,7,3,0.8372093023255814,0.8837209302325582,0.45454545454545453,0.45454545454545453
post_operative_patient,1,Not_Optimal,10.009969000021616,8,3,0.8372093023255814,0.9069767441860465,0.45454545454545453,0.45454545454545453
post_operative_patient,1,Optimal,0.3390987396240234,4,3,0.7441860465116279,0.7674418604651163,0.7727272727272727,0.45454545454545453
post_operative_patient,1,Optimal,5.1596835931142175,5,3,0.7906976744186046,0.8372093023255814,0.45454545454545453,0.5454545454545454
