dataset_name,step,optimality,time_taken,L,K,cart_train,cp_tree_train,cart_test,cp_tree_test
seismic,2,Not_Optimal,10.161702152093252,6,3,0.9337442218798151,0.9352850539291218,0.934375,0.928125
seismic,2,Not_Optimal,10.154347105820973,7,3,0.9337442218798151,0.9352850539291218,0.934375,0.928125
seismic,2,Not_Optimal,10.206719132264455,8,3,0.9337442218798151,0.9352850539291218,0.934375,0.928125
seismic,2,Optimal,5.779588421185811,4,3,0.9337442218798151,0.9345146379044684,0.934375,0.9296875
seismic,2,Not_Optimal,10.113203382492065,5,3,0.9337442218798151,0.9345146379044684,0.934375,0.9328125
