dataset_name,step,optimality,time_taken,L,K,cart_train,cp_tree_train,cart_test,cp_tree_test
credit_approval,1,Not_Optimal,10.115253329277039,6,3,0.8562691131498471,0.8837920489296636,0.8518518518518519,0.845679012345679
credit_approval,1,Not_Optimal,10.136935790379843,7,3,0.8562691131498471,0.8837920489296636,0.845679012345679,0.8395061728395061
credit_approval,1,Not_Optimal,10.146006445089975,8,3,0.8562691131498471,0.8899082568807339,0.8518518518518519,0.845679012345679
credit_approval,1,Not_Optimal,10.058902223904928,4,3,0.8562691131498471,0.8776758409785933,0.8703703703703703,0.8395061728395061
credit_approval,1,Not_Optimal,10.075681893030803,5,3,0.8562691131498471,0.8837920489296636,0.8703703703703703,0.845679012345679
