dataset_name,step,optimality,time_taken,L,K,cart_train,cp_tree_train,cart_test,cp_tree_test
hepatitis,4,Not_Optimal,10.015340729554493,6,3,0.8701298701298701,0.922077922077922,0.7435897435897436,0.7435897435897436
hepatitis,4,Not_Optimal,10.01886754433314,7,3,0.8831168831168831,0.935064935064935,0.7435897435897436,0.7435897435897436
hepatitis,4,Not_Optimal,10.021503965059916,8,3,0.8831168831168831,0.935064935064935,0.7435897435897436,0.8461538461538461
hepatitis,4,Optimal,4.369522476196289,4,3,0.8181818181818182,0.8831168831168831,0.717948717948718,0.8461538461538461
hepatitis,4,Not_Optimal,10.013442897796631,5,3,0.8311688311688312,0.9090909090909091,0.717948717948718,0.7948717948717948
