dataset_name,step,optimality,time_taken,L,K,cart_train,cp_tree_train,cart_test,cp_tree_test
hepatitis,1,Optimal,0.05057836771011352,3,2,0.8441558441558441,0.8701298701298701,0.7948717948717948,0.6923076923076923
hepatitis,1,Optimal,0.3575848340988159,4,2,0.8571428571428571,0.8831168831168831,0.7948717948717948,0.7948717948717948
