dataset_name,step,optimality,time_taken,L,K,cart_train,cp_tree_train,cart_test,cp_tree_test
banknote_authentication,2,Not_Optimal,10.048172267278035,6,3,0.888243831640058,0.9361393323657474,0.85,0.9
banknote_authentication,2,Not_Optimal,10.060463464260101,7,3,0.888243831640058,0.9404934687953556,0.85,0.9117647058823529
banknote_authentication,2,Not_Optimal,10.061119290192922,8,3,0.888243831640058,0.9404934687953556,0.85,0.9147058823529411
banknote_authentication,2,Optimal,0.456502103805542,4,3,0.888243831640058,0.8911465892597968,0.85,0.8823529411764706
banknote_authentication,2,Optimal,3.343223778406779,5,3,0.888243831640058,0.9317851959361393,0.85,0.8970588235294118
