dataset_name,step,optimality,time_taken,L,K,cart_train,cp_tree_train,cart_test,cp_tree_test
post_operative_patient,5,Not_Optimal,10.006926115353902,6,3,0.7441860465116279,0.7674418604651163,0.5,0.5
post_operative_patient,5,Not_Optimal,10.010165190696716,7,3,0.7441860465116279,0.7906976744186046,0.5,0.5454545454545454
post_operative_patient,5,Not_Optimal,10.012053894996644,8,3,0.7441860465116279,0.813953488372093,0.5,0.5
post_operative_patient,5,Optimal,0.5678665081659953,4,3,0.7441860465116279,0.7441860465116279,0.5,0.5909090909090909
post_operative_patient,5,Not_Optimal,10.006449790795644,5,3,0.7441860465116279,0.7674418604651163,0.5,0.5
