dataset_name,step,optimality,time_taken,L,K,cart_train,cp_tree_train,cart_test,cp_tree_test
iris,2,Optimal,0.9795534491539002,6,3,0.9466666666666667,0.9733333333333334,0.9459459459459459,0.9459459459459459
iris,2,Optimal,0.5896529038747151,7,3,0.9466666666666667,0.9733333333333334,0.9459459459459459,0.972972972972973
iris,2,Optimal,0.5010866959889729,8,3,0.9466666666666667,0.9733333333333334,0.9459459459459459,0.9459459459459459
iris,2,Optimal,0.03140958150227865,4,3,0.9466666666666667,0.9466666666666667,0.9459459459459459,0.9459459459459459
iris,2,Optimal,0.09700848261515299,5,3,0.9466666666666667,0.9733333333333334,0.9459459459459459,0.9459459459459459
