dataset_name,step,optimality,time_taken,L,K,cart_train,cp_tree_train,cart_test,cp_tree_test
mammographic_masses,5,Not_Optimal,10.060135559240978,6,3,0.8461538461538461,0.8557692307692307,0.8058252427184466,0.8058252427184466
mammographic_masses,5,Not_Optimal,10.06692616144816,7,3,0.8461538461538461,0.8557692307692307,0.8058252427184466,0.8058252427184466
mammographic_masses,5,Not_Optimal,10.069675985972086,8,3,0.8461538461538461,0.8557692307692307,0.8058252427184466,0.8058252427184466
mammographic_masses,5,Optimal,3.5101614395777383,4,3,0.8461538461538461,0.8533653846153846,0.8058252427184466,0.8106796116504854
mammographic_masses,5,Not_Optimal,10.044453807671864,5,3,0.8461538461538461,0.8533653846153846,0.8058252427184466,0.8106796116504854
