dataset_name,step,optimality,time_taken,L,K,cart_train,cp_tree_train,cart_test,cp_tree_test
pima_indian_diabetes,5,Not_Optimal,10.05354885260264,6,3,0.7714285714285715,0.7896103896103897,0.743455497382199,0.7486910994764397
pima_indian_diabetes,5,Not_Optimal,10.065526183446249,7,3,0.7714285714285715,0.7922077922077922,0.743455497382199,0.7277486910994765
pima_indian_diabetes,5,Not_Optimal,10.072895578543346,8,3,0.7714285714285715,0.7896103896103897,0.743455497382199,0.7329842931937173
pima_indian_diabetes,5,Optimal,5.8546680609385175,4,3,0.7454545454545455,0.7740259740259741,0.7329842931937173,0.7591623036649214
pima_indian_diabetes,5,Not_Optimal,10.040478583176931,5,3,0.7454545454545455,0.7818181818181819,0.7329842931937173,0.7225130890052356
