dataset_name,step,optimality,time_taken,L,K,cart_train,cp_tree_train,cart_test,cp_tree_test
post_operative_patient,4,Not_Optimal,10.007385178407032,6,3,0.813953488372093,0.8372093023255814,0.36363636363636365,0.4090909090909091
post_operative_patient,4,Not_Optimal,10.008428108692168,7,3,0.813953488372093,0.8604651162790697,0.4090909090909091,0.4090909090909091
post_operative_patient,4,Not_Optimal,10.010313832759858,8,3,0.813953488372093,0.8604651162790697,0.36363636363636365,0.7727272727272727
post_operative_patient,4,Optimal,0.3792996605237325,4,3,0.7209302325581395,0.7906976744186046,0.2727272727272727,0.4090909090909091
post_operative_patient,4,Not_Optimal,10.006025862693786,5,3,0.7906976744186046,0.813953488372093,0.36363636363636365,0.4090909090909091
