dataset_name,step,optimality,time_taken,L,K,cart_train,cp_tree_train,cart_test,cp_tree_test
thoracy_surgery,3,Not_Optimal,10.057425594329834,6,3,0.8808510638297873,0.8851063829787233,0.8034188034188035,0.8290598290598291
thoracy_surgery,3,Not_Optimal,10.059652539094289,7,3,0.8851063829787233,0.8893617021276595,0.8034188034188035,0.8205128205128205
thoracy_surgery,3,Not_Optimal,10.073308837413787,8,3,0.8851063829787233,0.8936170212765957,0.8034188034188035,0.8290598290598291
thoracy_surgery,3,Not_Optimal,10.029879613717396,4,3,0.8723404255319149,0.8723404255319149,0.811965811965812,0.8376068376068376
thoracy_surgery,3,Not_Optimal,10.03985954920451,5,3,0.8765957446808511,0.8808510638297873,0.8034188034188035,0.8376068376068376
