dataset_name,step,optimality,time_taken,L,K,cart_train,cp_tree_train,cart_test,cp_tree_test
credit_approval,3,Not_Optimal,10.113774053255717,6,3,0.8960244648318043,0.9113149847094801,0.8148148148148148,0.8024691358024691
credit_approval,3,Not_Optimal,10.139190459251404,7,3,0.8960244648318043,0.9204892966360856,0.8148148148148148,0.8271604938271605
credit_approval,3,Not_Optimal,10.160923834641775,8,3,0.8960244648318043,0.9174311926605505,0.8148148148148148,0.8209876543209876
credit_approval,3,Not_Optimal,10.058351838588715,4,3,0.8929663608562691,0.9051987767584098,0.8148148148148148,0.7962962962962963
credit_approval,3,Not_Optimal,10.084479399522145,5,3,0.8929663608562691,0.908256880733945,0.8148148148148148,0.8148148148148148
