dataset_name,step,optimality,time_taken,L,K,cart_train,cp_tree_train,cart_test,cp_tree_test
hepatitis,3,Optimal,0.05550364255905151,3,2,0.8441558441558441,0.8441558441558441,0.717948717948718,0.8205128205128205
hepatitis,3,Optimal,0.4016958673795064,4,2,0.8441558441558441,0.8701298701298701,0.717948717948718,0.7435897435897436
