dataset_name,step,optimality,time_taken,L,K,cart_train,cp_tree_train,cart_test,cp_tree_test
seismic,3,Not_Optimal,10.136393117904664,6,3,0.9337442218798151,0.9345146379044684,0.934375,0.934375
seismic,3,Not_Optimal,10.181097185611724,7,3,0.9337442218798151,0.9345146379044684,0.934375,0.934375
seismic,3,Not_Optimal,10.190295604864756,8,3,0.9337442218798151,0.9345146379044684,0.934375,0.934375
seismic,3,Optimal,4.756952488422394,4,3,0.9337442218798151,0.9345146379044684,0.934375,0.9328125
seismic,3,Not_Optimal,10.124444317817687,5,3,0.9337442218798151,0.9345146379044684,0.934375,0.934375
