dataset_name,step,optimality,time_taken,L,K,cart_train,cp_tree_train,cart_test,cp_tree_test
mammographic_masses,2,Not_Optimal,10.059138635794321,6,3,0.8317307692307693,0.8509615384615384,0.8349514563106796,0.8398058252427184
mammographic_masses,2,Not_Optimal,10.060834399859111,7,3,0.8317307692307693,0.8509615384615384,0.8349514563106796,0.8398058252427184
mammographic_masses,2,Not_Optimal,10.077312616507212,8,3,0.8317307692307693,0.8509615384615384,0.8252427184466019,0.8446601941747572
mammographic_masses,2,Optimal,4.935332922140757,4,3,0.8173076923076923,0.8389423076923077,0.8349514563106796,0.8495145631067961
mammographic_masses,2,Not_Optimal,10.043815970420837,5,3,0.8293269230769231,0.8461538461538461,0.8349514563106796,0.8446601941747572
