dataset_name,step,optimality,time_taken,L,K,cart_train,cp_tree_train,cart_test,cp_tree_test
banknote_authentication,5,Not_Optimal,10.04590896765391,6,3,0.8635703918722787,0.9216255442670537,0.8823529411764706,0.9205882352941176
banknote_authentication,5,Not_Optimal,10.052488362789154,7,3,0.8664731494920174,0.9390420899854862,0.8852941176470588,0.9382352941176471
banknote_authentication,5,Not_Optimal,10.063851396242777,8,3,0.8664731494920174,0.9390420899854862,0.8852941176470588,0.9382352941176471
banknote_authentication,5,Optimal,0.46073418855667114,4,3,0.8592162554426706,0.8984034833091437,0.9,0.9
banknote_authentication,5,Optimal,3.0318371733029683,5,3,0.8635703918722787,0.9172714078374455,0.8823529411764706,0.9176470588235294
