dataset_name,step,optimality,time_taken,L,K,cart_train,cp_tree_train,cart_test,cp_tree_test
credit_approval,2,Not_Optimal,10.110519909858704,6,3,0.8807339449541285,0.8960244648318043,0.8333333333333334,0.7962962962962963
credit_approval,2,Not_Optimal,10.124613781770071,7,3,0.8807339449541285,0.8960244648318043,0.8333333333333334,0.7962962962962963
credit_approval,2,Not_Optimal,10.16008973121643,8,3,0.8807339449541285,0.8960244648318043,0.8333333333333334,0.8333333333333334
credit_approval,2,Not_Optimal,10.07029550075531,4,3,0.8715596330275229,0.8868501529051988,0.8580246913580247,0.7962962962962963
credit_approval,2,Not_Optimal,10.079511058330535,5,3,0.8715596330275229,0.8929663608562691,0.8580246913580247,0.7962962962962963
