dataset_name,step,optimality,time_taken,L,K,cart_train,cp_tree_train,cart_test,cp_tree_test
ionosphere,4,Not_Optimal,10.13458913564682,6,3,0.8579545454545454,0.9147727272727273,0.8275862068965517,0.9195402298850575
ionosphere,4,Not_Optimal,10.139903418223064,7,3,0.8636363636363636,0.9204545454545454,0.8160919540229885,0.896551724137931
ionosphere,4,Not_Optimal,10.159372556209565,8,3,0.8636363636363636,0.9090909090909091,0.8160919540229885,0.896551724137931
ionosphere,4,Not_Optimal,10.075244506200155,4,3,0.8579545454545454,0.8579545454545454,0.8275862068965517,0.8275862068965517
ionosphere,4,Not_Optimal,10.122442881266275,5,3,0.8579545454545454,0.8977272727272727,0.8275862068965517,0.8850574712643678
