dataset_name,step,optimality,time_taken,L,K,cart_train,cp_tree_train,cart_test,cp_tree_test
car,3,Not_Optimal,10.130222849051158,6,3,0.8029953917050692,0.8087557603686636,0.8107476635514018,0.8107476635514018
car,3,Not_Optimal,10.17117744286855,7,3,0.8029953917050692,0.8076036866359447,0.8107476635514018,0.8271028037383178
car,3,Not_Optimal,10.183283833662669,8,3,0.8029953917050692,0.8076036866359447,0.8107476635514018,0.8271028037383178
car,3,Optimal,6.348952249685923,4,3,0.8029953917050692,0.8029953917050692,0.8107476635514018,0.8107476635514018
car,3,Not_Optimal,10.098609598477681,5,3,0.8029953917050692,0.8076036866359447,0.8107476635514018,0.8271028037383178
