dataset_name,step,optimality,time_taken,L,K,cart_train,cp_tree_train,cart_test,cp_tree_test
hepatitis,2,Not_Optimal,10.01756660938263,6,3,0.8831168831168831,0.922077922077922,0.8205128205128205,0.7435897435897436
hepatitis,2,Not_Optimal,10.020656641324361,7,3,0.8831168831168831,0.922077922077922,0.8205128205128205,0.6923076923076923
hepatitis,2,Not_Optimal,10.030969242254892,8,3,0.8831168831168831,0.922077922077922,0.8205128205128205,0.7692307692307693
hepatitis,2,Optimal,4.362256360054016,4,3,0.8571428571428571,0.8831168831168831,0.7948717948717948,0.8205128205128205
hepatitis,2,Not_Optimal,10.015017898877462,5,3,0.8571428571428571,0.9090909090909091,0.7948717948717948,0.7435897435897436
