dataset_name,step,optimality,time_taken,L,K,cart_train,cp_tree_train,cart_test,cp_tree_test
hepatitis,3,Not_Optimal,10.015707047780355,6,3,0.8961038961038961,0.922077922077922,0.7692307692307693,0.7948717948717948
hepatitis,3,Not_Optimal,10.02153703769048,7,3,0.8961038961038961,0.935064935064935,0.7692307692307693,0.7948717948717948
hepatitis,3,Not_Optimal,10.021607323487599,8,3,0.8441558441558441,0.935064935064935,0.6923076923076923,0.7948717948717948
hepatitis,3,Optimal,5.0487373550732935,4,3,0.8701298701298701,0.8701298701298701,0.7435897435897436,0.7948717948717948
hepatitis,3,Not_Optimal,10.014053618907928,5,3,0.8701298701298701,0.8961038961038961,0.7435897435897436,0.7692307692307693
