dataset_name,step,optimality,time_taken,L,K,cart_train,cp_tree_train,cart_test,cp_tree_test
pima_indian_diabetes,4,Not_Optimal,10.047812859217325,6,3,0.7948051948051948,0.8155844155844156,0.7172774869109948,0.6701570680628273
pima_indian_diabetes,4,Not_Optimal,10.065707699457805,7,3,0.7948051948051948,0.8181818181818182,0.7172774869109948,0.6544502617801047
pima_indian_diabetes,4,Not_Optimal,10.068814627329509,8,3,0.8077922077922078,0.8181818181818182,0.6963350785340314,0.6858638743455497
pima_indian_diabetes,4,Optimal,4.6504813949267065,4,3,0.7896103896103897,0.7974025974025974,0.7382198952879581,0.7172774869109948
pima_indian_diabetes,4,Not_Optimal,10.048834304014841,5,3,0.7896103896103897,0.8077922077922078,0.7382198952879581,0.6910994764397905
