dataset_name,step,optimality,time_taken,L,K,cart_train,cp_tree_train,cart_test,cp_tree_test
hepatitis,1,Not_Optimal,10.017493188381195,6,3,0.8571428571428571,0.922077922077922,0.7948717948717948,0.7435897435897436
hepatitis,1,Not_Optimal,10.02029089530309,7,3,0.8701298701298701,0.935064935064935,0.7692307692307693,0.8205128205128205
hepatitis,1,Not_Optimal,10.02518713871638,8,3,0.8701298701298701,0.922077922077922,0.7692307692307693,0.7435897435897436
hepatitis,1,Optimal,4.575593817234039,4,3,0.8441558441558441,0.8831168831168831,0.7948717948717948,0.7692307692307693
hepatitis,1,Not_Optimal,10.015563849608103,5,3,0.8441558441558441,0.9090909090909091,0.7948717948717948,0.7692307692307693
