dataset_name,step,optimality,time_taken,L,K,cart_train,cp_tree_train,cart_test,cp_tree_test
mammographic_masses,3,Not_Optimal,10.055649304389954,6,3,0.8509615384615384,0.8557692307692307,0.8009708737864077,0.7912621359223301
mammographic_masses,3,Not_Optimal,10.094448987642924,7,3,0.8509615384615384,0.8557692307692307,0.8009708737864077,0.7864077669902912
mammographic_masses,3,Not_Optimal,10.079428859551747,8,3,0.8509615384615384,0.8581730769230769,0.8009708737864077,0.7912621359223301
mammographic_masses,3,Optimal,3.4836042602856954,4,3,0.8341346153846154,0.8485576923076923,0.8203883495145631,0.8009708737864077
mammographic_masses,3,Not_Optimal,10.046839960416158,5,3,0.8485576923076923,0.8533653846153846,0.8009708737864077,0.7912621359223301
