dataset_name,step,optimality,time_taken,L,K,cart_train,cp_tree_train,cart_test,cp_tree_test
pima_indian_diabetes,2,Not_Optimal,10.0625261982282,6,3,0.7636363636363637,0.7896103896103897,0.7853403141361257,0.7696335078534031
pima_indian_diabetes,2,Not_Optimal,10.0668572584788,7,3,0.7636363636363637,0.7896103896103897,0.7853403141361257,0.774869109947644
pima_indian_diabetes,2,Not_Optimal,10.08156806230545,8,3,0.7636363636363637,0.7896103896103897,0.7853403141361257,0.7696335078534031
pima_indian_diabetes,2,Optimal,5.96097872654597,4,3,0.7506493506493507,0.7714285714285715,0.7591623036649214,0.7486910994764397
pima_indian_diabetes,2,Not_Optimal,10.04245722691218,5,3,0.7636363636363637,0.7844155844155845,0.7853403141361257,0.774869109947644
