dataset_name,step,optimality,time_taken,L,K,cart_train,cp_tree_train,cart_test,cp_tree_test
pima_indian_diabetes,1,Not_Optimal,10.051780358950298,6,3,0.7610389610389611,0.7740259740259741,0.7905759162303665,0.7905759162303665
pima_indian_diabetes,1,Not_Optimal,10.064237145582835,7,3,0.7610389610389611,0.7792207792207793,0.7905759162303665,0.7329842931937173
pima_indian_diabetes,1,Not_Optimal,10.068229075272878,8,3,0.7610389610389611,0.7766233766233767,0.7905759162303665,0.7486910994764397
pima_indian_diabetes,1,Optimal,6.534161976973215,4,3,0.7428571428571429,0.7636363636363637,0.7382198952879581,0.7643979057591623
pima_indian_diabetes,1,Not_Optimal,10.040884733200073,5,3,0.7428571428571429,0.7688311688311689,0.7382198952879581,0.7958115183246073
