dataset_name,step,optimality,time_taken,L,K,cart_train,cp_tree_train,cart_test,cp_tree_test
hepatitis,4,Optimal,0.07604790528615316,3,2,0.8181818181818182,0.8571428571428571,0.717948717948718,0.8461538461538461
hepatitis,4,Optimal,0.4681659698486328,4,2,0.8181818181818182,0.8701298701298701,0.717948717948718,0.7692307692307693
