dataset_name,step,optimality,time_taken,L,K,cart_train,cp_tree_train,cart_test,cp_tree_test
post_operative_patient,4,Optimal,0.015169696013132731,3,2,0.6744186046511628,0.7209302325581395,0.8181818181818182,0.7727272727272727
post_operative_patient,4,Optimal,0.07700302600860595,4,2,0.7209302325581395,0.7441860465116279,0.2727272727272727,0.7727272727272727
