dataset_name,step,optimality,time_taken,L,K,cart_train,cp_tree_train,cart_test,cp_tree_test
banknote_authentication,4,Not_Optimal,10.051476971308391,6,3,0.8780841799709724,0.9274310595065312,0.8705882352941177,0.9352941176470588
banknote_authentication,4,Not_Optimal,10.055943934122721,7,3,0.8780841799709724,0.9346879535558781,0.8705882352941177,0.95
banknote_authentication,4,Not_Optimal,10.0712419907252,8,3,0.8780841799709724,0.9346879535558781,0.8705882352941177,0.95
banknote_authentication,4,Optimal,0.5046436389287313,4,3,0.8780841799709724,0.8911465892597968,0.8705882352941177,0.888235294117647
banknote_authentication,4,Optimal,3.6891414244969685,5,3,0.8780841799709724,0.918722786647315,0.8705882352941177,0.9323529411764706
