dataset_name,step,optimality,time_taken,L,K,cart_train,cp_tree_train,cart_test,cp_tree_test
wine,4,Not_Optimal,10.023513575394949,6,3,0.9550561797752809,0.9775280898876404,0.7954545454545454,0.8863636363636364
wine,4,Not_Optimal,10.029043606917064,7,3,0.9550561797752809,0.9887640449438202,0.7954545454545454,0.9090909090909091
wine,4,Not_Optimal,10.032527867952982,8,3,0.9550561797752809,0.9887640449438202,0.7954545454545454,0.9318181818181818
wine,4,Optimal,0.2005599816640218,4,3,0.9438202247191011,0.9550561797752809,0.7954545454545454,0.8636363636363636
wine,4,Optimal,3.5086526393890383,5,3,0.9438202247191011,0.9662921348314607,0.7954545454545454,0.9090909090909091
