dataset_name,step,optimality,time_taken,L,K,cart_train,cp_tree_train,cart_test,cp_tree_test
post_operative_patient,1,Optimal,0.015841293334960937,3,2,0.6744186046511628,0.7209302325581395,0.7727272727272727,0.45454545454545453
post_operative_patient,1,Optimal,0.05869716008504232,4,2,0.7209302325581395,0.7674418604651163,0.45454545454545453,0.4090909090909091
