dataset_name,step,optimality,time_taken,L,K,cart_train,cp_tree_train,cart_test,cp_tree_test
balance_scale,2,Not_Optimal,10.036417492230733,6,3,0.7092651757188498,0.7571884984025559,0.6580645161290323,0.6387096774193548
balance_scale,2,Not_Optimal,10.042377742131551,7,3,0.7188498402555911,0.7603833865814696,0.6516129032258065,0.7161290322580646
balance_scale,2,Not_Optimal,10.047625001271566,8,3,0.7220447284345048,0.7635782747603834,0.6451612903225806,0.6193548387096774
balance_scale,2,Optimal,2.4738895654678346,4,3,0.7092651757188498,0.731629392971246,0.6580645161290323,0.6
balance_scale,2,Not_Optimal,10.03022431532542,5,3,0.7092651757188498,0.7539936102236422,0.6580645161290323,0.6193548387096774
