dataset_name,step,optimality,time_taken,L,K,cart_train,cp_tree_train,cart_test,cp_tree_test
post_operative_patient,2,Optimal,0.017568584283192953,3,2,0.7441860465116279,0.7441860465116279,0.6818181818181818,0.6818181818181818
post_operative_patient,2,Optimal,0.062155703703562416,4,2,0.7674418604651163,0.7906976744186046,0.6818181818181818,0.6363636363636364
