dataset_name,step,optimality,time_taken,L,K,cart_train,cp_tree_train,cart_test,cp_tree_test
hepatitis,2,Optimal,0.042387930552164714,3,2,0.8571428571428571,0.8571428571428571,0.7948717948717948,0.7948717948717948
hepatitis,2,Optimal,0.33661599159240724,4,2,0.8571428571428571,0.8831168831168831,0.7948717948717948,0.8205128205128205
