dataset_name,step,optimality,time_taken,L,K,cart_train,cp_tree_train,cart_test,cp_tree_test
thoracy_surgery,1,Not_Optimal,10.042424837748209,6,3,0.8595744680851064,0.8851063829787233,0.8290598290598291,0.8290598290598291
thoracy_surgery,1,Not_Optimal,10.0538237174352,7,3,0.8595744680851064,0.8851063829787233,0.8290598290598291,0.8205128205128205
thoracy_surgery,1,Not_Optimal,10.07249227364858,8,3,0.8680851063829788,0.8936170212765957,0.8205128205128205,0.7948717948717948
thoracy_surgery,1,Not_Optimal,10.030369440714518,4,3,0.8595744680851064,0.8765957446808511,0.8290598290598291,0.811965811965812
thoracy_surgery,1,Not_Optimal,10.03664526939392,5,3,0.8595744680851064,0.8808510638297873,0.8290598290598291,0.7863247863247863
