dataset_name,step,optimality,time_taken,L,K,cart_train,cp_tree_train,cart_test,cp_tree_test
thoracy_surgery,5,Not_Optimal,10.04539550145467,6,3,0.8765957446808511,0.8808510638297873,0.8547008547008547,0.8632478632478633
thoracy_surgery,5,Not_Optimal,10.054003580411274,7,3,0.8765957446808511,0.8851063829787233,0.8547008547008547,0.811965811965812
thoracy_surgery,5,Not_Optimal,10.065913291772207,8,3,0.8765957446808511,0.8893617021276595,0.8547008547008547,0.8205128205128205
thoracy_surgery,5,Not_Optimal,10.032586793104807,4,3,0.8638297872340426,0.8723404255319149,0.8717948717948718,0.8717948717948718
thoracy_surgery,5,Not_Optimal,10.03687843879064,5,3,0.8680851063829788,0.8765957446808511,0.8547008547008547,0.8547008547008547
