dataset_name,step,optimality,time_taken,L,K,cart_train,cp_tree_train,cart_test,cp_tree_test
post_operative_patient,3,Optimal,0.016427151362101235,3,2,0.7906976744186046,0.813953488372093,0.6363636363636364,0.6363636363636364
post_operative_patient,3,Optimal,0.09333901802698771,4,2,0.7906976744186046,0.8372093023255814,0.6363636363636364,0.6818181818181818
