dataset_name,step,optimality,time_taken,L,K,cart_train,cp_tree_train,cart_test,cp_tree_test
hepatitis,5,Not_Optimal,10.015961452325184,6,3,0.8701298701298701,0.935064935064935,0.7948717948717948,0.7948717948717948
hepatitis,5,Not_Optimal,10.018936332066854,7,3,0.8701298701298701,0.948051948051948,0.7948717948717948,0.8205128205128205
hepatitis,5,Not_Optimal,10.023143688837687,8,3,0.8701298701298701,0.948051948051948,0.7948717948717948,0.8205128205128205
hepatitis,5,Optimal,3.4636850039164226,4,3,0.8701298701298701,0.8961038961038961,0.7948717948717948,0.8205128205128205
hepatitis,5,Not_Optimal,10.012975529829662,5,3,0.8701298701298701,0.922077922077922,0.7948717948717948,0.7948717948717948
