dataset_name,step,optimality,time_taken,L,K,cart_train,cp_tree_train,cart_test,cp_tree_test
hepatitis,5,Optimal,0.0445182720820109,3,2,0.8441558441558441,0.8701298701298701,0.7692307692307693,0.7948717948717948
hepatitis,5,Optimal,0.445815376440684,4,2,0.8701298701298701,0.8701298701298701,0.7948717948717948,0.7948717948717948
