dataset_name,step,optimality,time_taken,L,K,cart_train,cp_tree_train,cart_test,cp_tree_test
post_operative_patient,2,Not_Optimal,10.007102771600087,6,3,0.7674418604651163,0.813953488372093,0.6818181818181818,0.6363636363636364
post_operative_patient,2,Not_Optimal,10.009029646714529,7,3,0.7674418604651163,0.8372093023255814,0.6818181818181818,0.6818181818181818
post_operative_patient,2,Not_Optimal,10.010056527455648,8,3,0.7674418604651163,0.8604651162790697,0.6818181818181818,0.6818181818181818
post_operative_patient,2,Optimal,0.5131627241770427,4,3,0.7674418604651163,0.7906976744186046,0.6818181818181818,0.6363636363636364
post_operative_patient,2,Not_Optimal,10.006366455554963,5,3,0.7674418604651163,0.813953488372093,0.6818181818181818,0.6363636363636364
