dataset_name,step,optimality,time_taken,L,K,cart_train,cp_tree_train,cart_test,cp_tree_test
post_operative_patient,3,Not_Optimal,10.006941159566244,6,3,0.8604651162790697,0.8837209302325582,0.5454545454545454,0.6363636363636364
post_operative_patient,3,Not_Optimal,10.008323534329731,7,3,0.8604651162790697,0.9069767441860465,0.5454545454545454,0.5909090909090909
post_operative_patient,3,Not_Optimal,10.009863940874736,8,3,0.8604651162790697,0.9069767441860465,0.5454545454545454,0.5909090909090909
post_operative_patient,3,Optimal,0.48951344887415565,4,3,0.8604651162790697,0.8604651162790697,0.5454545454545454,0.5454545454545454
post_operative_patient,3,Optimal,8.117929641405741,5,3,0.8604651162790697,0.8837209302325582,0.5454545454545454,0.6363636363636364
