dataset_name,step, time_taken,K,dl8.5_train,dl8.5_test
wine,1,5.1666666666666664e-05,2,0.9398,0.9333
wine,1,0.0009233333333333333,3,0.9774,0.9556
wine,1,0.0025616666666666665,4,1.0,0.9111
