dataset_name,step, time_taken,K,dl8.5_train,dl8.5_test
credit_approval,1,0.00011833333333333334,2,0.8671,0.8537
credit_approval,1,0.0042250000000000005,3,0.8916,0.8659
credit_approval,1,0.10375,4,0.9121,0.7805
