dataset_name,step,L,K,HeleneTree_train,HeleneTree_test
credit_approval,1,0,2,0.8670756646216768,0.8536585365853658
credit_approval,1,0,3,0.8916155419222904,0.8719512195121951
credit_approval,1,0,4,0.9141104294478528,0.8475609756097561
credit_approval,1,0,2,0.8670756646216768,0.8536585365853658
credit_approval,1,0,3,0.8916155419222904,0.8719512195121951
credit_approval,1,0,4,0.9141104294478528,0.8475609756097561
