dataset_name,step,optimality, time_taken,L,K,cart_train,cp_tree_train,cart_test,cp_tree_test
monk1,1,Optimal,0.08837683995564778,4,2,0.7338709677419355,0.8225806451612904,0.75,0.7222222222222222
monk1,1,Not_Optimal,40.01611451705297,8,3,0.9112903225806451,0.9193548387096774,0.8333333333333334,0.8888888888888888
monk1,1,Optimal,2.7596725742022197,16,4,0.9112903225806451,1.0,0.8333333333333334,1.0
