dataset_name,step,optimality, time_taken,L,K,cart_train,cp_tree_train,cart_test,cp_tree_test
car,1,Optimal,1.1254787604014078,4,2,0.7762345679012346,0.7762345679012346,0.7824074074074074,0.7824074074074074
car,1,Not_Optimal,40.24922060171763,8,3,0.8016975308641975,0.8125,0.8171296296296297,0.8078703703703703
car,1,Not_Optimal,40.8105304757754,16,4,0.8016975308641975,0.8263888888888888,0.8171296296296297,0.8263888888888888
