dataset_name,step,optimality, time_taken,L,K,cart_train,cp_tree_train,cart_test,cp_tree_test
tic_tac_toe,1,Optimal,1.3384198824564615,4,2,0.7047353760445683,0.7047353760445683,0.7083333333333334,0.7083333333333334
tic_tac_toe,1,Not_Optimal,40.14774723847707,8,3,0.754874651810585,0.7799442896935933,0.7458333333333333,0.7583333333333333
tic_tac_toe,1,Not_Optimal,40.52854663133621,16,4,0.8231197771587744,0.8398328690807799,0.8291666666666667,0.8416666666666667
