dataset_name,step,optimality, time_taken,L,K,cart_train,cp_tree_train,cart_test,cp_tree_test
balance_scale,1,Optimal,0.529643444220225,4,2,0.6132478632478633,0.6987179487179487,0.5222929936305732,0.6305732484076433
balance_scale,1,Not_Optimal,40.0759529987971,8,3,0.7051282051282052,0.7542735042735043,0.6624203821656051,0.6942675159235668
balance_scale,1,Not_Optimal,40.21571266253789,16,4,0.7286324786324786,0.7841880341880342,0.6369426751592356,0.6878980891719745
