dataset_name,step,optimality, time_taken,L,K,cart_train,cp_tree_train,cart_test,cp_tree_test
biodeg,2,Not_Optimal,4.205808814366659,5,4,0.7838179519595448,0.8280657395701644,0.7424242424242424,0.8106060606060606
