dataset_name,step, time_taken,K,dl8.5_train,dl8.5_test
biodeg,1,0.0002,2,0.7927,0.7652
biodeg,1,0.010468333333333333,3,0.8306,0.8295
biodeg,1,0.4514083333333333,4,0.866,0.8106
biodeg,2,0.0002933333333333333,2,0.7952,0.7386
biodeg,2,0.015636666666666667,3,0.8331,0.8068
