dataset_name,step,L,K,HeleneTree_train,HeleneTree_test
biodeg,1,0,2,0.7926675094816688,0.7651515151515151
biodeg,1,0,3,0.8305941845764855,0.8257575757575758
biodeg,1,0,4,0.865992414664981,0.8106060606060606
biodeg,1,0,2,0.7926675094816688,0.7651515151515151
biodeg,1,0,3,0.8305941845764855,0.8257575757575758
biodeg,1,0,4,0.865992414664981,0.8106060606060606
