dataset_name,step, time_taken,K,dl8.5_train,dl8.5_test
banknote_authentication,1,4.833333333333333e-05,2,0.8834,0.8921
banknote_authentication,1,0.00010666666666666667,3,0.9261,0.8192
banknote_authentication,1,0.0004716666666666666,4,0.9427,0.7551
banknote_authentication,2,2.3333333333333332e-05,2,0.8844,0.8921
banknote_authentication,2,9.333333333333333e-05,3,0.932,0.93
banknote_authentication,2,0.00062,4,0.9427,0.7551
