dataset_name,step,L,K,HeleneTree_train,HeleneTree_test
banknote_authentication,1,0,2,0.8833819241982508,0.892128279883382
banknote_authentication,1,0,3,0.9261418853255587,0.9446064139941691
banknote_authentication,1,0,4,0.9426627793974732,0.956268221574344
banknote_authentication,1,0,2,0.8833819241982508,0.892128279883382
banknote_authentication,1,0,3,0.9261418853255587,0.9446064139941691
banknote_authentication,1,0,4,0.9426627793974732,0.956268221574344
