dataset_name,step, time_taken,K,dl8.5_train,dl8.5_test
seismic,1,5.833333333333333e-05,2,0.9345,0.9334
seismic,1,0.00062,3,0.935,0.9334
seismic,1,0.004018333333333334,4,0.936,0.9319
