dataset_name,step, L, K, binoct_train,binoct_test
spect_heart,1,4,2,0.7875,0.7112299465240641
spect_heart,1,8,3,0.8625,0.6042780748663101
spect_heart,1,16,4,0.9125,0.5989304812834224
