dataset_name,step,optimality, time_taken,L,K,cart_train,cp_tree_train,cart_test,cp_tree_test
spect_heart,1,Optimal,0.12762999931971233,4,2,0.7875,0.7875,0.7112299465240641,0.7112299465240641
spect_heart,1,Not_Optimal,10.013580540815989,7,3,0.8375,0.85,0.7005347593582888,0.6898395721925134
spect_heart,1,Not_Optimal,10.061140032609304,16,4,0.8625,0.9,0.7272727272727273,0.6470588235294118
