dataset_name,step,optimality, time_taken,L,K,cart_train,cp_tree_train,cart_test,cp_tree_test
spect_heart,1,Optimal,0.14702916542689007,4,2,0.7875,0.7875,0.7112299465240641,0.7112299465240641
spect_heart,1,Not_Optimal,10.013909180959066,7,3,0.8375,0.85,0.7005347593582888,0.6737967914438503
spect_heart,1,Not_Optimal,10.075913222630819,16,4,0.8625,0.9125,0.7433155080213903,0.6042780748663101
