dataset_name,step,optimality, time_taken,L,K,cart_train,cp_tree_train,cart_test,cp_tree_test
spect_heart,1,Optimal,0.12408177852630616,4,2,0.7875,0.7875,0.7112299465240641,0.7112299465240641
spect_heart,1,Not_Optimal,10.026030945777894,8,3,0.8375,0.8625,0.7005347593582888,0.6042780748663101
spect_heart,1,Not_Optimal,10.072028791904449,16,4,0.8625,0.9,0.7433155080213903,0.6524064171122995
