dataset_name,step, time_taken,K,dl8.5_train,dl8.5_test
spect_heart,1,6.333333333333333e-05,2,0.7875,0.7112
spect_heart,1,0.00046166666666666665,3,0.85,0.615
spect_heart,1,0.002235,4,0.9125,0.5829
