dataset_name,step, time_taken,K,dl8.5_train,dl8.5_test
spect_heart,1,3.3333333333333335e-05,2,0.7875,0.7112
spect_heart,1,0.0002666666666666667,3,0.85,0.615
spect_heart,1,0.0013549999999999999,4,0.9125,0.5829
