dataset_name,step,L,K,HeleneTree_train,HeleneTree_test
spect_heart,1,0,2,0.7875,0.7112299465240641
spect_heart,1,0,3,0.8625,0.6042780748663101
spect_heart,1,0,4,0.9125,0.6042780748663101
