dataset_name,step,lambda,time_taken,K,L,osdt_train,osdt_test
spect_heart,1,0.05,0.001057879130045573,2,3,0.7875,0.7112299465240641
spect_heart,1,0.05,0.007958972454071045,3,3,0.7875,0.7112299465240641
spect_heart,1,0.05,0.015638208389282225,4,3,0.7875,0.7112299465240641
