dataset_name,step, time_taken,K,dl8.5_train,dl8.5_test
spambase,1,6.166666666666667e-05,2,0.7884,0.7819
spambase,1,0.00046666666666666666,3,0.8443,0.8341
spambase,1,0.003975,4,0.8557,0.795
