dataset_name,step, time_taken,K,dl8.5_train,dl8.5_test
iris,1,1.9999999999999998e-05,2,0.9464,0.9737
iris,1,6e-05,3,0.9643,1.0
iris,1,0.00023333333333333333,4,0.9732,0.5526
