dataset_name,step, L, K, binoct_train,binoct_test
balance_scale,1,4,2,0.6987179487179487,0.6305732484076433
balance_scale,1,8,3,0.75,0.6815286624203821
balance_scale,1,16,4,0.782051282051282,0.7261146496815286
