dataset_name,step,optimality, time_taken,L,K,cart_train,cp_tree_train,cart_test,cp_tree_test
balance_scale,1,Optimal,0.1036987066268921,3,2,0.6132478632478633,0.6944444444444444,0.5222929936305732,0.643312101910828
balance_scale,1,Optimal,0.10938471953074137,3,2,0.6132478632478633,0.6944444444444444,0.5222929936305732,0.643312101910828
balance_scale,1,Not_Optimal,1.0339766542116802,6,3,0.6965811965811965,0.7478632478632479,0.6624203821656051,0.6878980891719745
