dataset_name,step, time_taken,K,dl8.5_train,dl8.5_test
balance_scale,1,8.5e-05,2,0.6987,0.6306
balance_scale,1,0.0004116666666666667,3,0.7543,0.6943
balance_scale,1,0.0032333333333333333,4,0.7991,0.6943
balance_scale,2,4.6666666666666665e-05,2,0.6966,0.6369
balance_scale,2,0.00043,3,0.7543,0.6943
balance_scale,2,0.00404,4,0.7927,0.7261
