dataset_name,step, L, K, binoct_train,binoct_test
monk1,1,4,2,0.8225806451612904,0.7222222222222222
monk1,1,8,3,0.9193548387096774,0.8888888888888888
monk1,1,16,4,1.0,1.0
