dataset_name,step,optimality, time_taken,L,K,cart_train,cp_tree_train,cart_test,cp_tree_test
monk1,1,Optimal,0.07251524527867635,4,2,0.7338709677419355,0.8225806451612904,0.75,0.7222222222222222
monk1,1,Optimal,1.52560666402181,5,3,0.9112903225806451,0.9112903225806451,0.8333333333333334,0.8333333333333334
monk1,1,Optimal,0.28158695697784425,7,4,0.9112903225806451,1.0,0.8333333333333334,1.0
