dataset_name,step,optimality, time_taken,L,K,cart_train,cp_tree_train,cart_test,cp_tree_test
monk1,1,Optimal,0.07363842328389486,4,2,0.7338709677419355,0.8225806451612904,0.75,0.7222222222222222
monk1,1,Not_Optimal,10.015417830149334,7,3,0.9112903225806451,0.9193548387096774,0.8333333333333334,0.8888888888888888
monk1,1,Optimal,0.1025821844736735,9,4,0.9112903225806451,1.0,0.8333333333333334,1.0
