dataset_name,step, time_taken,K,dl8.5_train,dl8.5_test
monk1,1,5.1666666666666664e-05,2,0.8226,0.7222
monk1,1,0.000145,3,0.9194,0.8889
monk1,1,0.00019,4,1.0,1.0
