dataset_name,step, time_taken,K,dl8.5_train,dl8.5_test
monk1,1,2.3333333333333332e-05,2,0.8226,0.7222
monk1,1,9.166666666666667e-05,3,0.9194,0.8889
monk1,1,0.00010666666666666667,4,1.0,1.0
