dataset_name,step,L,K,HeleneTree_train,HeleneTree_test
monk1,1,0,2,0.8225806451612903,0.7222222222222222
monk1,1,0,3,0.9193548387096774,0.8888888888888888
monk1,1,0,4,1.0,1.0
