dataset_name,step,lambda,time_taken,K,L,osdt_train,osdt_test
monk1,1,0.005,0.0010587533315022787,2,4,0.8225806451612903,0.7222222222222222
monk1,1,0.01,10.000000405311585,3,5,0.9112903225806451,0.8333333333333334
monk1,1,0.01,0.04171196222305298,4,7,1.0,1.0
