dataset_name,step, time_taken,K,dl8.5_train,dl8.5_test
car,1,0.00015833333333333332,2,0.7762,0.7824
car,1,0.0009033333333333334,3,0.8125,0.7824
car,1,0.006516666666666667,4,0.8387,0.8449
