dataset_name,step, L, K, binoct_train,binoct_test
monk2,1,4,2,0.6627218934911243,0.5925925925925926
monk2,1,8,3,0.7455621301775148,0.6412037037037037
monk2,1,16,4,0.8165680473372781,0.6666666666666666
