dataset_name,step,optimality, time_taken,L,K,cart_train,cp_tree_train,cart_test,cp_tree_test
monk2,1,Optimal,0.10262847344080607,4,2,0.6390532544378699,0.6627218934911243,0.625,0.6064814814814815
monk2,1,Not_Optimal,10.021703735987346,8,3,0.6686390532544378,0.757396449704142,0.6620370370370371,0.6273148148148148
monk2,1,Not_Optimal,10.079808231194814,16,4,0.6982248520710059,0.8106508875739645,0.6481481481481481,0.6388888888888888
