dataset_name,step,optimality, time_taken,L,K,cart_train,cp_tree_train,cart_test,cp_tree_test
monk2,1,Optimal,0.07360554536183675,3,2,0.621301775147929,0.650887573964497,0.6712962962962963,0.625
monk2,1,Optimal,0.9019313057263693,4,3,0.621301775147929,0.6982248520710059,0.6712962962962963,0.6504629629629629
monk2,1,Not_Optimal,10.01953701575597,6,4,0.6686390532544378,0.7455621301775148,0.6620370370370371,0.6412037037037037
