dataset_name,step,optimality, time_taken,L,K,cart_train,cp_tree_train,cart_test,cp_tree_test
monk2,1,Optimal,0.07529512246449789,3,2,0.621301775147929,0.650887573964497,0.6712962962962963,0.625
monk2,1,Not_Optimal,10.017328453063964,6,3,0.6686390532544378,0.7455621301775148,0.6620370370370371,0.6412037037037037
monk2,1,Not_Optimal,10.061903715133667,12,4,0.6863905325443787,0.7928994082840237,0.6481481481481481,0.6342592592592593
