dataset_name,step, time_taken,K,dl8.5_train,dl8.5_test
monk2,1,6.333333333333333e-05,2,0.6627,0.6065
monk2,1,0.0003133333333333333,3,0.7456,0.6412
monk2,1,0.0019683333333333332,4,0.8166,0.6574
