dataset_name,step, time_taken,K,dl8.5_train,dl8.5_test
monk2,1,2.6666666666666667e-05,2,0.6627,0.6065
monk2,1,0.000205,3,0.7456,0.6412
monk2,1,0.001145,4,0.8166,0.662
