dataset_name,step,L,K,HeleneTree_train,HeleneTree_test
monk2,1,0,2,0.6627218934911243,0.6064814814814815
monk2,1,0,3,0.757396449704142,0.6365740740740741
monk2,1,0,4,0.8224852071005917,0.6620370370370371
