dataset_name,step,lambda,time_taken,K,L,osdt_train,osdt_test
monk2,1,0.1,0.00027251640955607096,2,1,0.621301775147929,0.6712962962962963
monk2,1,0.1,0.0003091295560201009,3,1,0.621301775147929,0.6712962962962963
monk2,1,0.0025,10.000000246365865,4,9,0.7810650887573964,0.6712962962962963
