dataset_name,step, time_taken,K,dl8.5_train,dl8.5_test
ionosphere,1,0.00041,2,0.8631,0.75
ionosphere,1,0.031103333333333334,3,0.9163,0.7614
ionosphere,1,0.7807883333333333,4,0.9734,0.8409
